-- liquibase formatted sql logicalFilePath:gaf-project/code_template

-- changeset SYS:20210407-0
INSERT INTO proj_code_template (proj_code_template_id, template_name, template_name_cn, template_type, description, "version", template_path, created_time, created_by, updated_time, updated_by, tenant_id, org_id, org_code) VALUES('ebcea006d3bb60fffd418ffa5762ead7', 'SpringBootJerseyGISVue', 'SpringBoot+Jersey+GIS+Vue', 13, '后端使用SpringBoot+Jersey及gis数据访问组件，前端使用Vue', 'v1.3', '{"downloadPath":"/templates/SpringBootJerseyGISVue.zip","publicUrl":" /sys_admin/templates/SpringBootJerseyGISVue.zip","fileAbsolutePath":"/volume/users/sys_admin/templates/SpringBootJerseyGISVue.zip"}', '2020-09-23 05:44:49.382', 'wangxiaolong', '2021-01-29 09:25:31.204', 'sys_admin', 'tenant_000000', NULL, NULL);
INSERT INTO proj_code_template (proj_code_template_id, template_name, template_name_cn, template_type, description, "version", template_path, created_time, created_by, updated_time, updated_by, tenant_id, org_id, org_code) VALUES('09deabeb5248ddc1970c8c76f1ab2a4d', 'FrontBackEndBasic', 'SpringBoot+Jersey+Vue', 13, '后端采用SpringBoot+Jersey,前端使用Vue,基本模板', 'v1.6', '{"downloadPath":"/templates/FrontBackEndBasic.zip","publicUrl":" /sys_admin/templates/FrontBackEndBasic.zip","fileAbsolutePath":"/volume/users/sys_admin/templates/FrontBackEndBasic.zip"}', '2020-09-22 09:33:50.233', 'wangxiaolong', '2021-01-29 09:24:06.974', 'sys_admin', 'tenant_000000', NULL, NULL);
INSERT INTO proj_code_template (proj_code_template_id, template_name, template_name_cn, template_type, description, "version", template_path, created_time, created_by, updated_time, updated_by, tenant_id, org_id, org_code) VALUES('0e7de8a89e8f75c9b08acfb6bd762213', 'SpringBootJerseyJPAVue', 'SpringBoot+Jersey+JPA+Vue', 13, '后端使用SpringBoot+Jersey+JPA，前端使用Vue', 'v1.4', '{"downloadPath":"/templates/SpringBootJerseyJPAVue.zip","publicUrl":" /sys_admin/templates/SpringBootJerseyJPAVue.zip","fileAbsolutePath":"/volume/users/sys_admin/templates/SpringBootJerseyJPAVue.zip"}', '2020-09-23 02:25:03.455', 'wangxiaolong', '2021-01-29 09:25:50.783', 'sys_admin', 'tenant_000000', NULL, NULL);
INSERT INTO proj_code_template (proj_code_template_id, template_name, template_name_cn, template_type, description, "version", template_path, created_time, created_by, updated_time, updated_by, tenant_id, org_id, org_code) VALUES('1d370074392e6ba2224369bc1474a8eb', 'SpringBootJerseyMyBatisGISVue', 'SpringBoot+Jersey+MyBatis+GIS+Vue', 13, '前端使用SpringBoot+Jersey+Mybatis及gis数据访问组件，前端使用Vue，后端增加swagger、fastjson、common-lang3等依赖，能够与代码模板配合使用', 'v1.5', '{"downloadPath":"/templates/SpringBootJerseyMyBatisGISVue.zip","publicUrl":" /sys_admin/templates/SpringBootJerseyMyBatisGISVue.zip","fileAbsolutePath":"/volume/users/sys_admin/templates/SpringBootJerseyMyBatisGISVue.zip"}', '2020-09-23 05:59:57.497', 'wangxiaolong', '2021-01-29 09:26:08.986', 'sys_admin', 'tenant_000000', NULL, NULL);
INSERT INTO proj_code_template (proj_code_template_id, template_name, template_name_cn, template_type, description, "version", template_path, created_time, created_by, updated_time, updated_by, tenant_id, org_id, org_code) VALUES('54f776894a8e8c075aeccc99f1e327a9', 'SpringBootJerseyJPAGISVue', 'SpringBoot+Jersey+JPA+GIS+Vue', 13, '后端使用SpringBooot+Jersey+JPA及gis数据访问组件，前端使用Vue', 'v1.3', '{"downloadPath":"/templates/SpringBootJerseyJPAGISVue.zip","publicUrl":" /sys_admin/templates/SpringBootJerseyJPAGISVue.zip","fileAbsolutePath":"/volume/users/sys_admin/templates/SpringBootJerseyJPAGISVue.zip"}', '2020-09-23 06:50:47.277', 'wangxiaolong', '2021-01-29 09:26:24.194', 'sys_admin', 'tenant_000000', NULL, NULL);
INSERT INTO proj_code_template (proj_code_template_id, template_name, template_name_cn, template_type, description, "version", template_path, created_time, created_by, updated_time, updated_by, tenant_id, org_id, org_code) VALUES('7730feb2d676e86d4299c96a16615935', 'SpringBootJerseyMyBatisVue', 'SpringBoot+Jersey+MyBatis+Vue', 13, '后端使用SpringBoot+Jersey+MyBatis,前端使用Vue，后端增加swagger、fastjson、common-lang3、pagehelper等依赖，能够与代码模板配合使用', 'v1.7', '{"downloadPath":"/templates/SpringBootJerseyMyBatisVue(1).zip","publicUrl":" /sys_admin/templates/SpringBootJerseyMyBatisVue(1).zip","fileAbsolutePath":"/volume/users/sys_admin/templates/SpringBootJerseyMyBatisVue(1).zip"}', '2020-09-23 01:25:50.863', 'wangxiaolong', '2021-02-08 06:47:57.717', 'sys_admin', 'tenant_000000', NULL, NULL);
INSERT INTO proj_code_template (proj_code_template_id, template_name, template_name_cn, template_type, description, "version", template_path, created_time, created_by, updated_time, updated_by, tenant_id, org_id, org_code) VALUES('0de1bda18e5736350c86355a56dcf019', 'FrontBackVmMyBatisVue', '单表前后端模板MyBatis+Vue', 23, '单表前后端模板,后端使用MyBatis,分页使用PageHelper,前端使用Vue,', 'v2.9', '{"downloadPath":"/templates/front-back-vm(1).zip","publicUrl":" /sys_admin/templates/front-back-vm(1).zip","fileAbsolutePath":"/volume/users/sys_admin/templates/front-back-vm(1).zip"}', '2020-09-25 11:18:25.823', 'admin', '2021-03-05 02:16:07.040', 'sys_admin', 'tenant_000000', NULL, NULL);
INSERT INTO proj_code_template (proj_code_template_id, template_name, template_name_cn, template_type, description, "version", template_path, created_time, created_by, updated_time, updated_by, tenant_id, org_id, org_code) VALUES('1240b83112df306eb74ec338b8aa6623', 'FrontBackVmLogicDeleteMyBatisVue', '单表前后端模板逻辑删除版MyBatis+Vue', 23, '单表前后端模板逻辑删除版，默认使用字段status表示删除字段，true表示未删除，false表示已删除。后端使用MyBatis,分页使用PageHelper,前端使用Vue，v1.5增加了ShiroExtend获取用户名填充创建人和修改人', 'v1.7', '{"downloadPath":"/templates/front-back-logic-delete-vm(2).zip","publicUrl":" /sys_admin/templates/front-back-logic-delete-vm(2).zip","fileAbsolutePath":"/volume/users/sys_admin/templates/front-back-logic-delete-vm(2).zip"}', '2020-11-25 15:32:03.205', 'sys_admin', '2021-03-05 02:16:24.159', 'sys_admin', 'tenant_000000', NULL, NULL);
INSERT INTO proj_code_template (proj_code_template_id, template_name, template_name_cn, template_type, description, "version", template_path, created_time, created_by, updated_time, updated_by, tenant_id, org_id, org_code) VALUES('8be1e3f6e7e875d6fc9e7de710d099aa', 'FrontBackVmMyBatisPlusVue', '单表前后端模板MyBatisPlus+Vue', 23, '单表前后端模板,后端使用MyBatisPlus,前端使用Vue。该版本进行了分页查询的结构调整与问题修复 ', 'v1.7', '{"downloadPath":"/templates/front-back-mybatisplus-vm(2).zip","publicUrl":" /sys_admin/templates/front-back-mybatisplus-vm(2).zip","fileAbsolutePath":"/volume/users/sys_admin/templates/front-back-mybatisplus-vm(2).zip"}', '2020-11-23 10:53:35.669', 'lisi', '2021-03-05 02:16:42.944', 'sys_admin', 'tenant_000000', NULL, NULL);

-- changeset SYS:20210407-1
INSERT INTO proj_code_template_param (proj_code_template_param_id, code_template_id, param_name, param_name_cn, description, default_value, created_time, created_by, updated_time, updated_by, param_group_id) VALUES('7de9b1a156d3f2edaaa398b33b55542e', 'c207bb02b70498e66d85724fd893981d', 'spring_datasource_driver_class_name', 'spring.datasource.driver-class-name', 'SpringBoot配置文件application.yml文件中spring.datasource.driver-class-name配置项', 'org.postgresql.Driver', '2020-09-14 13:32:29.687', 'wangxiaolong', '2020-09-14 13:32:29.687', 'wangxiaolong', '0155f734e848581d1a082fe09c8ecad9');
INSERT INTO proj_code_template_param (proj_code_template_param_id, code_template_id, param_name, param_name_cn, description, default_value, created_time, created_by, updated_time, updated_by, param_group_id) VALUES('d35c81693e097a5f91d35004714781b8', 'c207bb02b70498e66d85724fd893981d', 'spring_datasource_url', 'spring.datasource.url.default', 'SpringBoot配置文件application.yml文件spring.datasource.url.default配置项', 'jdbc:postgresql://localhost:32443/projectname', '2020-09-14 13:32:29.687', 'wangxiaolong', '2020-09-14 13:32:29.687', 'wangxiaolong', '0155f734e848581d1a082fe09c8ecad9');
INSERT INTO proj_code_template_param (proj_code_template_param_id, code_template_id, param_name, param_name_cn, description, default_value, created_time, created_by, updated_time, updated_by, param_group_id) VALUES('8f19cfc3d54b30ef3135419c9d2159f6', 'c207bb02b70498e66d85724fd893981d', 'spring_datasource_username', 'spring.datasource.username', 'SpringBoot配置文件application.yml文件中spring.datasource.username配置项', 'admin', '2020-09-14 13:32:29.687', 'wangxiaolong', '2020-09-14 13:32:29.687', 'wangxiaolong', '0155f734e848581d1a082fe09c8ecad9');
INSERT INTO proj_code_template_param (proj_code_template_param_id, code_template_id, param_name, param_name_cn, description, default_value, created_time, created_by, updated_time, updated_by, param_group_id) VALUES('040a770d110ec4659041685f69f42530', 'c207bb02b70498e66d85724fd893981d', 'spring_datasource_password', 'spring.datasource.password', 'SpringBoot配置文件application.yml文件中spring.datasource.password配置项', 'admin', '2020-09-14 13:32:29.687', 'wangxiaolong', '2020-09-14 13:32:29.687', 'wangxiaolong', '0155f734e848581d1a082fe09c8ecad9');
INSERT INTO proj_code_template_param (proj_code_template_param_id, code_template_id, param_name, param_name_cn, description, default_value, created_time, created_by, updated_time, updated_by, param_group_id) VALUES('1cd525912b1193ee460572b680388a2e', '0e7de8a89e8f75c9b08acfb6bd762213', 'groupId', 'groupId', 'maven pom 文件中的groupId标签内容', 'com.supermap.gaf.jpademo', '2020-09-23 02:31:14.267', 'wangxiaolong', '2020-09-23 02:31:14.267', 'wangxiaolong', '5b3ff7a24597c4350cfcf1852e375174');
INSERT INTO proj_code_template_param (proj_code_template_param_id, code_template_id, param_name, param_name_cn, description, default_value, created_time, created_by, updated_time, updated_by, param_group_id) VALUES('09affc53331aff3e103f4bf458cf2ffa', '0e7de8a89e8f75c9b08acfb6bd762213', 'artifactId', 'artifactId', 'maven pom 文件中的artifactId标签内容', 'gaf-jpademo', '2020-09-23 02:31:14.267', 'wangxiaolong', '2020-09-23 02:31:14.267', 'wangxiaolong', '5b3ff7a24597c4350cfcf1852e375174');
INSERT INTO proj_code_template_param (proj_code_template_param_id, code_template_id, param_name, param_name_cn, description, default_value, created_time, created_by, updated_time, updated_by, param_group_id) VALUES('20fe616a9e0994017e38997377dd2014', '0e7de8a89e8f75c9b08acfb6bd762213', 'version', 'version', 'maven pom 文件中的version标签内容', '1.0.0-SNAPSHOT', '2020-09-23 02:31:14.267', 'wangxiaolong', '2020-09-23 02:31:14.267', 'wangxiaolong', '5b3ff7a24597c4350cfcf1852e375174');
INSERT INTO proj_code_template_param (proj_code_template_param_id, code_template_id, param_name, param_name_cn, description, default_value, created_time, created_by, updated_time, updated_by, param_group_id) VALUES('f314323a96d00a560df5c020330df24b', '0e7de8a89e8f75c9b08acfb6bd762213', 'packagename', '包名', 'java包名', 'com.supermap.gaf.jpademo', '2020-09-23 02:31:14.267', 'wangxiaolong', '2020-09-23 02:31:14.267', 'wangxiaolong', '5b3ff7a24597c4350cfcf1852e375174');
INSERT INTO proj_code_template_param (proj_code_template_param_id, code_template_id, param_name, param_name_cn, description, default_value, created_time, created_by, updated_time, updated_by, param_group_id) VALUES('d52016400dcb1e0f0caeb3508bf726b3', '0e7de8a89e8f75c9b08acfb6bd762213', 'spring_datasource_url', 'spring.datasource.url', '可参考的值，jdbc:mysql://localhost:3306/databasename，jdbc:oracle:thin:@localhost:1521:orcl，jdbc:sqlserver://localhost:1433; DatabaseName=test', 'jdbc:postgresql://localhost:5432/databasename', '2020-09-23 02:33:48.017', 'wangxiaolong', '2020-09-23 02:33:48.017', 'wangxiaolong', '6853f30896da1158525bdd78183d7f9f');
INSERT INTO proj_code_template_param (proj_code_template_param_id, code_template_id, param_name, param_name_cn, description, default_value, created_time, created_by, updated_time, updated_by, param_group_id) VALUES('e0c2b8ecab07bb2f4c1f557231eeb58f', '0e7de8a89e8f75c9b08acfb6bd762213', 'spring_datasource_username', 'spring.datasource.username', '数据源用户名，即application.yml文件中spring.datasource.username配置项', 'admin', '2020-09-23 02:33:48.017', 'wangxiaolong', '2020-09-23 02:33:48.017', 'wangxiaolong', '6853f30896da1158525bdd78183d7f9f');
INSERT INTO proj_code_template_param (proj_code_template_param_id, code_template_id, param_name, param_name_cn, description, default_value, created_time, created_by, updated_time, updated_by, param_group_id) VALUES('5937d0d9785c0291ed8263b0efae38e9', '0e7de8a89e8f75c9b08acfb6bd762213', 'spring_datasource_password', 'spring.datasource.password', '数据源密码，即application.yml文件中spring.datasource.password配置项', 'admin', '2020-09-23 02:33:48.018', 'wangxiaolong', '2020-09-23 02:33:48.018', 'wangxiaolong', '6853f30896da1158525bdd78183d7f9f');
INSERT INTO proj_code_template_param (proj_code_template_param_id, code_template_id, param_name, param_name_cn, description, default_value, created_time, created_by, updated_time, updated_by, param_group_id) VALUES('710dfb22341441e88bb0cf907dcc0ec9', '0e7de8a89e8f75c9b08acfb6bd762213', 'spring_datasource_driver_class_name', 'spring.datasource.driver-class-name', '数据源连接驱动，可参考值，com.mysql.cj.jdbc.Driver，oracle.jdbc.driver.OracleDriver，com.microsoft.sqlserver.jdbc.SQLServerDriver', 'org.postgresql.Driver', '2020-09-23 02:33:48.018', 'wangxiaolong', '2020-09-23 02:33:48.018', 'wangxiaolong', '6853f30896da1158525bdd78183d7f9f');
INSERT INTO proj_code_template_param (proj_code_template_param_id, code_template_id, param_name, param_name_cn, description, default_value, created_time, created_by, updated_time, updated_by, param_group_id) VALUES('f9c0cd65ec8b6eeef7ca5b4a8ae95690', '1d370074392e6ba2224369bc1474a8eb', 'artifactId', 'artifactId', 'maven pom 文件中的groupId标签内容', 'gaf-mybatisandgisdemo', '2020-09-23 06:03:45.318', 'wangxiaolong', '2020-09-23 06:03:45.318', 'wangxiaolong', 'f8a14202d616cf743d5d60dd4be53c55');
INSERT INTO proj_code_template_param (proj_code_template_param_id, code_template_id, param_name, param_name_cn, description, default_value, created_time, created_by, updated_time, updated_by, param_group_id) VALUES('bda6f15f042fd17765575bf3c2111905', '1d370074392e6ba2224369bc1474a8eb', 'version', 'version', 'maven pom 文件中的version标签内容', '1.0.0-SNAPSHOT', '2020-09-23 06:03:45.318', 'wangxiaolong', '2020-09-23 06:03:45.318', 'wangxiaolong', 'f8a14202d616cf743d5d60dd4be53c55');
INSERT INTO proj_code_template_param (proj_code_template_param_id, code_template_id, param_name, param_name_cn, description, default_value, created_time, created_by, updated_time, updated_by, param_group_id) VALUES('24ef169df1ca8342790b5194740e4231', '1d370074392e6ba2224369bc1474a8eb', 'packagename', '包名', 'java包名', 'com.supermap.gaf.mybatisandgisdemo', '2020-09-23 06:03:45.318', 'wangxiaolong', '2020-09-23 06:03:45.318', 'wangxiaolong', 'f8a14202d616cf743d5d60dd4be53c55');
INSERT INTO proj_code_template_param (proj_code_template_param_id, code_template_id, param_name, param_name_cn, description, default_value, created_time, created_by, updated_time, updated_by, param_group_id) VALUES('240c2dc4ff786dfff2cdcee7b38910c8', '1d370074392e6ba2224369bc1474a8eb', 'spring_datasource_url', 'spring.datasource.url', '可参考的值，jdbc:mysql://localhost:3306/databasename，jdbc:oracle:thin:@localhost:1521:orcl，jdbc:sqlserver://localhost:1433; DatabaseName=test', 'jdbc:postgresql://localhost:5432/databasename', '2020-09-23 06:05:54.291', 'wangxiaolong', '2020-09-23 06:05:54.291', 'wangxiaolong', 'a50daf7281d2b96c97881c2fb7b7fbeb');
INSERT INTO proj_code_template_param (proj_code_template_param_id, code_template_id, param_name, param_name_cn, description, default_value, created_time, created_by, updated_time, updated_by, param_group_id) VALUES('606d1906de11be38c8c6713660584a13', '1d370074392e6ba2224369bc1474a8eb', 'spring_datasource_username', 'spring.datasource.username', '数据源用户名，即application.yml文件中spring.datasource.username配置项', 'admin', '2020-09-23 06:05:54.291', 'wangxiaolong', '2020-09-23 06:05:54.291', 'wangxiaolong', 'a50daf7281d2b96c97881c2fb7b7fbeb');
INSERT INTO proj_code_template_param (proj_code_template_param_id, code_template_id, param_name, param_name_cn, description, default_value, created_time, created_by, updated_time, updated_by, param_group_id) VALUES('b69ffd0b535e2428063ae2b80bc728d2', '1d370074392e6ba2224369bc1474a8eb', 'spring_datasource_password', 'spring.datasource.password', '数据源密码，即application.yml文件中spring.datasource.password配置项', 'admin', '2020-09-23 06:05:54.291', 'wangxiaolong', '2020-09-23 06:05:54.291', 'wangxiaolong', 'a50daf7281d2b96c97881c2fb7b7fbeb');
INSERT INTO proj_code_template_param (proj_code_template_param_id, code_template_id, param_name, param_name_cn, description, default_value, created_time, created_by, updated_time, updated_by, param_group_id) VALUES('2f4311a935b68806a2e51bc9036dcd45', '1d370074392e6ba2224369bc1474a8eb', 'spring_datasource_driver_class_name', 'spring.datasource.driver-class-name', '数据源连接驱动，可参考值，com.mysql.cj.jdbc.Driver，oracle.jdbc.driver.OracleDriver，com.microsoft.sqlserver.jdbc.SQLServerDriver', 'org.postgresql.Driver', '2020-09-23 06:05:54.291', 'wangxiaolong', '2020-09-23 06:05:54.291', 'wangxiaolong', 'a50daf7281d2b96c97881c2fb7b7fbeb');
INSERT INTO proj_code_template_param (proj_code_template_param_id, code_template_id, param_name, param_name_cn, description, default_value, created_time, created_by, updated_time, updated_by, param_group_id) VALUES('11c79dd001f9eaff79a3eb414aefe3e0', '09deabeb5248ddc1970c8c76f1ab2a4d', 'groupId', 'groupId', 'maven pom 文件中的groupId标签内容', 'com.supermap.gaf.basicdemo', '2020-09-22 09:41:43.148', 'wangxiaolong', '2020-09-22 09:41:43.148', 'wangxiaolong', 'ed36119d64e0ec91f297321419c57673');
INSERT INTO proj_code_template_param (proj_code_template_param_id, code_template_id, param_name, param_name_cn, description, default_value, created_time, created_by, updated_time, updated_by, param_group_id) VALUES('b5abae257fa20ba86df2d5381d5efc04', '09deabeb5248ddc1970c8c76f1ab2a4d', 'artifactId', 'artifactId', 'maven pom 文件中的artifactId标签内容', 'gaf-basicdemo', '2020-09-22 09:41:43.148', 'wangxiaolong', '2020-09-22 09:41:43.148', 'wangxiaolong', 'ed36119d64e0ec91f297321419c57673');
INSERT INTO proj_code_template_param (proj_code_template_param_id, code_template_id, param_name, param_name_cn, description, default_value, created_time, created_by, updated_time, updated_by, param_group_id) VALUES('241067391b4df41314370419f6688315', '09deabeb5248ddc1970c8c76f1ab2a4d', 'version', 'version', 'maven pom 文件中的version标签内容', '1.0.0-SNAPSHOT', '2020-09-22 09:41:43.148', 'wangxiaolong', '2020-09-22 09:41:43.148', 'wangxiaolong', 'ed36119d64e0ec91f297321419c57673');
INSERT INTO proj_code_template_param (proj_code_template_param_id, code_template_id, param_name, param_name_cn, description, default_value, created_time, created_by, updated_time, updated_by, param_group_id) VALUES('5716fdb0a5d816dccfe27049423c8d80', 'ebcea006d3bb60fffd418ffa5762ead7', 'artifactId', 'artifactId', 'maven pom 文件中的artifactId标签内容', 'gaf-gisdemo', '2020-09-23 05:47:43.060', 'wangxiaolong', '2020-09-23 05:47:43.060', 'wangxiaolong', '7288cc12f5b192e2ae8a758e5bde3d09');
INSERT INTO proj_code_template_param (proj_code_template_param_id, code_template_id, param_name, param_name_cn, description, default_value, created_time, created_by, updated_time, updated_by, param_group_id) VALUES('82c1e360863f1ae3b1f3df6173017a42', 'ebcea006d3bb60fffd418ffa5762ead7', 'version', 'version', 'maven pom 文件中的version标签内容', '1.0.0-SNAPSHOT', '2020-09-23 05:47:43.060', 'wangxiaolong', '2020-09-23 05:47:43.060', 'wangxiaolong', '7288cc12f5b192e2ae8a758e5bde3d09');
INSERT INTO proj_code_template_param (proj_code_template_param_id, code_template_id, param_name, param_name_cn, description, default_value, created_time, created_by, updated_time, updated_by, param_group_id) VALUES('2c47a7da90d329d1b246e29fe0f81bd1', '09deabeb5248ddc1970c8c76f1ab2a4d', 'packagename', 'packagename', 'java包名', 'com.supermap.gaf.basicdemo', '2020-09-22 09:41:43.148', 'wangxiaolong', '2020-10-05 02:12:44.394', 'admin', 'ed36119d64e0ec91f297321419c57673');
INSERT INTO proj_code_template_param (proj_code_template_param_id, code_template_id, param_name, param_name_cn, description, default_value, created_time, created_by, updated_time, updated_by, param_group_id) VALUES('396364aac8aa436a6bd489151526ce6d', '7730feb2d676e86d4299c96a16615935', 'groupId', 'groupId', 'maven pom 文件中的groupId标签内容', 'com.supermap.gaf.mybatisdemo', '2020-09-23 01:39:48.800', 'wangxiaolong', '2020-09-23 01:39:48.800', 'wangxiaolong', '54f08d3e56ecd90f821f4f6aa6c4d6db');
INSERT INTO proj_code_template_param (proj_code_template_param_id, code_template_id, param_name, param_name_cn, description, default_value, created_time, created_by, updated_time, updated_by, param_group_id) VALUES('17d109c2eb55c3332b705f1376c26f3d', '7730feb2d676e86d4299c96a16615935', 'version', 'version', 'maven pom 文件中的version标签内容', '1.0.0-SNAPSHOT', '2020-09-23 01:41:39.744', 'wangxiaolong', '2020-09-23 01:41:39.744', 'wangxiaolong', '54f08d3e56ecd90f821f4f6aa6c4d6db');
INSERT INTO proj_code_template_param (proj_code_template_param_id, code_template_id, param_name, param_name_cn, description, default_value, created_time, created_by, updated_time, updated_by, param_group_id) VALUES('f2384ba06e398a0bd3eb91c6f0b130e8', '7730feb2d676e86d4299c96a16615935', 'packagename', '包名', 'java包名', 'com.supermap.gaf.mybatisdemo', '2020-09-23 01:41:39.744', 'wangxiaolong', '2020-09-23 01:41:39.744', 'wangxiaolong', '54f08d3e56ecd90f821f4f6aa6c4d6db');
INSERT INTO proj_code_template_param (proj_code_template_param_id, code_template_id, param_name, param_name_cn, description, default_value, created_time, created_by, updated_time, updated_by, param_group_id) VALUES('cbc62948ed3a8082e2f80ec9c2e9c305', '7730feb2d676e86d4299c96a16615935', 'spring_datasource_username', 'spring.datasource.username', '数据源用户名，即application.yml文件中spring.datasource.username配置项', 'admin', '2020-09-23 01:44:40.979', 'wangxiaolong', '2020-09-23 01:44:40.979', 'wangxiaolong', '40fb3c332f6750922f6bf3275afc9fb3');
INSERT INTO proj_code_template_param (proj_code_template_param_id, code_template_id, param_name, param_name_cn, description, default_value, created_time, created_by, updated_time, updated_by, param_group_id) VALUES('9a32f8cbce5338c834f6fd4b4cf9556f', '7730feb2d676e86d4299c96a16615935', 'spring_datasource_password', 'spring.datasource.password', '数据源密码，即application.yml文件中spring.datasource.password配置项', 'admin', '2020-09-23 01:44:40.979', 'wangxiaolong', '2020-09-23 01:44:40.979', 'wangxiaolong', '40fb3c332f6750922f6bf3275afc9fb3');
INSERT INTO proj_code_template_param (proj_code_template_param_id, code_template_id, param_name, param_name_cn, description, default_value, created_time, created_by, updated_time, updated_by, param_group_id) VALUES('47c51718a557701e0f4b53abf1621677', '7730feb2d676e86d4299c96a16615935', 'spring_datasource_driver_class_name', 'spring.datasource.driver-class-name', '数据源连接驱动，可参考值，com.mysql.cj.jdbc.Driver，oracle.jdbc.driver.OracleDriver，com.microsoft.sqlserver.jdbc.SQLServerDriver', 'org.postgresql.Driver', '2020-09-23 01:44:40.979', 'wangxiaolong', '2020-09-23 01:44:40.979', 'wangxiaolong', '40fb3c332f6750922f6bf3275afc9fb3');
INSERT INTO proj_code_template_param (proj_code_template_param_id, code_template_id, param_name, param_name_cn, description, default_value, created_time, created_by, updated_time, updated_by, param_group_id) VALUES('dffd1a94d7a45256939e8bb5c0f6eea5', '7730feb2d676e86d4299c96a16615935', 'spring_datasource_url', 'spring.datasource.url', '可参考的值，jdbc:mysql://localhost:3306/databasename，jdbc:oracle:thin:@localhost:1521:orcl，jdbc:sqlserver://localhost:1433; DatabaseName=test', 'jdbc:postgresql://localhost:5432/databasename', '2020-09-23 01:44:40.979', 'wangxiaolong', '2020-09-23 02:40:06.983', 'wangxiaolong', '40fb3c332f6750922f6bf3275afc9fb3');
INSERT INTO proj_code_template_param (proj_code_template_param_id, code_template_id, param_name, param_name_cn, description, default_value, created_time, created_by, updated_time, updated_by, param_group_id) VALUES('64ddf7998af4e35dd6e557c74147b8d3', '1d370074392e6ba2224369bc1474a8eb', 'groupId', 'groupId', 'maven pom 文件中的groupId标签内容', 'com.supermap.gaf.mybatisandgisdemo', '2020-09-23 06:03:45.318', 'wangxiaolong', '2020-09-23 06:03:45.318', 'wangxiaolong', 'f8a14202d616cf743d5d60dd4be53c55');
INSERT INTO proj_code_template_param (proj_code_template_param_id, code_template_id, param_name, param_name_cn, description, default_value, created_time, created_by, updated_time, updated_by, param_group_id) VALUES('c4c3ea2f419a0a9273902f5b0ba69da2', '54f776894a8e8c075aeccc99f1e327a9', 'groupId', 'groupId', 'maven pom 文件中的groupId标签内容', 'com.supermap.gaf.jpaandgisdemo', '2020-09-23 06:54:37.628', 'wangxiaolong', '2020-09-23 06:54:37.628', 'wangxiaolong', '19ec21d73d5934bac98774954c1bf1bf');
INSERT INTO proj_code_template_param (proj_code_template_param_id, code_template_id, param_name, param_name_cn, description, default_value, created_time, created_by, updated_time, updated_by, param_group_id) VALUES('09bf7e17f6b991acdfbe7b9d6e5f3f59', '54f776894a8e8c075aeccc99f1e327a9', 'artifactId', 'artifactId', 'maven pom 文件中的artifactId标签内容', 'gaf-jpaandgisdemo', '2020-09-23 06:54:37.628', 'wangxiaolong', '2020-09-23 06:54:37.628', 'wangxiaolong', '19ec21d73d5934bac98774954c1bf1bf');
INSERT INTO proj_code_template_param (proj_code_template_param_id, code_template_id, param_name, param_name_cn, description, default_value, created_time, created_by, updated_time, updated_by, param_group_id) VALUES('db2998193b10c90ec955abaa84b6b01e', '54f776894a8e8c075aeccc99f1e327a9', 'version', 'version', 'maven pom 文件中的version标签内容', '1.0.0-SNAPSHOT', '2020-09-23 06:54:37.628', 'wangxiaolong', '2020-09-23 06:54:37.628', 'wangxiaolong', '19ec21d73d5934bac98774954c1bf1bf');
INSERT INTO proj_code_template_param (proj_code_template_param_id, code_template_id, param_name, param_name_cn, description, default_value, created_time, created_by, updated_time, updated_by, param_group_id) VALUES('11a2ab83d89c189c93a5d9137ecf8adb', '54f776894a8e8c075aeccc99f1e327a9', 'packagename', '包名', 'java包名', 'com.supermap.gaf.jpaandgisdemo', '2020-09-23 06:54:37.629', 'wangxiaolong', '2020-09-23 06:54:37.629', 'wangxiaolong', '19ec21d73d5934bac98774954c1bf1bf');
INSERT INTO proj_code_template_param (proj_code_template_param_id, code_template_id, param_name, param_name_cn, description, default_value, created_time, created_by, updated_time, updated_by, param_group_id) VALUES('0172f0126a79cdd421cd1e04d4a65005', '54f776894a8e8c075aeccc99f1e327a9', 'spring_datasource_url', 'spring.datasource.url', '可参考的值，jdbc:mysql://localhost:3306/databasename，jdbc:oracle:thin:@localhost:1521:orcl，jdbc:sqlserver://localhost:1433; DatabaseName=test', 'jdbc:postgresql://localhost:5432/databasename', '2020-09-23 06:56:11.114', 'wangxiaolong', '2020-09-23 06:56:11.114', 'wangxiaolong', 'f8893e6fb0a520295ec304dd3bcb6598');
INSERT INTO proj_code_template_param (proj_code_template_param_id, code_template_id, param_name, param_name_cn, description, default_value, created_time, created_by, updated_time, updated_by, param_group_id) VALUES('65b77b7d267db781438de6d932cef9eb', '54f776894a8e8c075aeccc99f1e327a9', 'spring_datasource_username', 'spring.datasource.username', '数据源用户名，即application.yml文件中spring.datasource.username配置项', 'admin', '2020-09-23 06:56:11.114', 'wangxiaolong', '2020-09-23 06:56:11.114', 'wangxiaolong', 'f8893e6fb0a520295ec304dd3bcb6598');
INSERT INTO proj_code_template_param (proj_code_template_param_id, code_template_id, param_name, param_name_cn, description, default_value, created_time, created_by, updated_time, updated_by, param_group_id) VALUES('375c5b4a855e8cd58bc50829439394fd', '54f776894a8e8c075aeccc99f1e327a9', 'spring_datasource_password', 'spring.datasource.password', '数据源密码，即application.yml文件中spring.datasource.password配置项', 'admin', '2020-09-23 06:56:11.114', 'wangxiaolong', '2020-09-23 06:56:11.114', 'wangxiaolong', 'f8893e6fb0a520295ec304dd3bcb6598');
INSERT INTO proj_code_template_param (proj_code_template_param_id, code_template_id, param_name, param_name_cn, description, default_value, created_time, created_by, updated_time, updated_by, param_group_id) VALUES('1fcbc69af6dc7f114f6194ec7cd8acc2', '54f776894a8e8c075aeccc99f1e327a9', 'spring_datasource_driver_class_name', 'spring.datasource.driver-class-name', '数据源连接驱动，可参考值，com.mysql.cj.jdbc.Driver，oracle.jdbc.driver.OracleDriver，com.microsoft.sqlserver.jdbc.SQLServerDriver', 'org.postgresql.Driver', '2020-09-23 06:56:11.114', 'wangxiaolong', '2020-09-23 06:56:11.114', 'wangxiaolong', 'f8893e6fb0a520295ec304dd3bcb6598');
INSERT INTO proj_code_template_param (proj_code_template_param_id, code_template_id, param_name, param_name_cn, description, default_value, created_time, created_by, updated_time, updated_by, param_group_id) VALUES('389f363223b1c80330cbbf3d0fe3b1f3', 'ebcea006d3bb60fffd418ffa5762ead7', 'packagename', '包名', 'java包名', 'java包名', '2020-09-23 05:47:43.060', 'wangxiaolong', '2020-10-04 14:21:42.036', 'admin', '7288cc12f5b192e2ae8a758e5bde3d09');
INSERT INTO proj_code_template_param (proj_code_template_param_id, code_template_id, param_name, param_name_cn, description, default_value, created_time, created_by, updated_time, updated_by, param_group_id) VALUES('1ae33feffefd3b2e5298a9c877ba204d', 'ebcea006d3bb60fffd418ffa5762ead7', 'groupId', 'groupId', 'maven pom 文件中的groupId标签内容', 'com.supermap.gaf.gisdemo', '2020-09-23 05:47:43.060', 'wangxiaolong', '2020-10-04 16:37:20.797', 'admin', '7288cc12f5b192e2ae8a758e5bde3d09');
INSERT INTO proj_code_template_param (proj_code_template_param_id, code_template_id, param_name, param_name_cn, description, default_value, created_time, created_by, updated_time, updated_by, param_group_id) VALUES('48928efb97daba177685e3fc72ab8b21', '7730feb2d676e86d4299c96a16615935', 'artifactId', 'artifactId', 'maven pom 文件中的artifactId标签内容', 'mybatisdemo', '2020-09-23 01:41:39.744', 'wangxiaolong', '2020-09-23 01:41:39.744', 'wangxiaolong', '54f08d3e56ecd90f821f4f6aa6c4d6db');

-- changeset SYS:20210407-2
INSERT INTO proj_code_template_param_grp (code_template_param_grp_id, code_template_id, param_group_name, param_group_name_cn, description, referred_group_id, created_time, created_by, updated_time, updated_by, is_required, check_type) VALUES('5b3ff7a24597c4350cfcf1852e375174', '0e7de8a89e8f75c9b08acfb6bd762213', 'basic', '基本配置', '基本配置项，如maven的groupId、artifactId、version，包名', NULL, '2020-09-23 02:26:09.396', 'wangxiaolong', '2020-09-23 02:26:09.396', 'wangxiaolong', true, NULL);
INSERT INTO proj_code_template_param_grp (code_template_param_grp_id, code_template_id, param_group_name, param_group_name_cn, description, referred_group_id, created_time, created_by, updated_time, updated_by, is_required, check_type) VALUES('6853f30896da1158525bdd78183d7f9f', '0e7de8a89e8f75c9b08acfb6bd762213', 'datasource', '数据源', 'Spring数据源', NULL, '2020-09-23 02:31:36.310', 'wangxiaolong', '2020-09-23 02:31:36.310', 'wangxiaolong', true, NULL);
INSERT INTO proj_code_template_param_grp (code_template_param_grp_id, code_template_id, param_group_name, param_group_name_cn, description, referred_group_id, created_time, created_by, updated_time, updated_by, is_required, check_type) VALUES('7288cc12f5b192e2ae8a758e5bde3d09', 'ebcea006d3bb60fffd418ffa5762ead7', 'basic', '基本配置', '基本配置项，如maven的groupId、artifactId、version，包名', NULL, '2020-09-23 05:45:20.909', 'wangxiaolong', '2020-09-23 05:45:20.909', 'wangxiaolong', true, NULL);
INSERT INTO proj_code_template_param_grp (code_template_param_grp_id, code_template_id, param_group_name, param_group_name_cn, description, referred_group_id, created_time, created_by, updated_time, updated_by, is_required, check_type) VALUES('f8a14202d616cf743d5d60dd4be53c55', '1d370074392e6ba2224369bc1474a8eb', 'basic', '基本配置', '基本配置项，如maven的groupId、artifactId、version，包名', NULL, '2020-09-23 06:02:03.374', 'wangxiaolong', '2020-09-23 06:02:03.374', 'wangxiaolong', true, NULL);
INSERT INTO proj_code_template_param_grp (code_template_param_grp_id, code_template_id, param_group_name, param_group_name_cn, description, referred_group_id, created_time, created_by, updated_time, updated_by, is_required, check_type) VALUES('a50daf7281d2b96c97881c2fb7b7fbeb', '1d370074392e6ba2224369bc1474a8eb', 'datasource', '数据源', 'Spring数据源', NULL, '2020-09-23 06:04:15.243', 'wangxiaolong', '2020-09-23 06:04:15.243', 'wangxiaolong', true, NULL);
INSERT INTO proj_code_template_param_grp (code_template_param_grp_id, code_template_id, param_group_name, param_group_name_cn, description, referred_group_id, created_time, created_by, updated_time, updated_by, is_required, check_type) VALUES('19ec21d73d5934bac98774954c1bf1bf', '54f776894a8e8c075aeccc99f1e327a9', 'basic', '基本配置', '基本配置项，如maven的groupId、artifactId、version，包名', NULL, '2020-09-23 06:52:40.036', 'wangxiaolong', '2020-09-23 06:52:40.036', 'wangxiaolong', true, NULL);
INSERT INTO proj_code_template_param_grp (code_template_param_grp_id, code_template_id, param_group_name, param_group_name_cn, description, referred_group_id, created_time, created_by, updated_time, updated_by, is_required, check_type) VALUES('f8893e6fb0a520295ec304dd3bcb6598', '54f776894a8e8c075aeccc99f1e327a9', 'datasource', '数据源', 'Spring数据源', NULL, '2020-09-23 06:54:50.783', 'wangxiaolong', '2020-09-23 06:54:50.783', 'wangxiaolong', true, NULL);
INSERT INTO proj_code_template_param_grp (code_template_param_grp_id, code_template_id, param_group_name, param_group_name_cn, description, referred_group_id, created_time, created_by, updated_time, updated_by, is_required, check_type) VALUES('ed36119d64e0ec91f297321419c57673', '09deabeb5248ddc1970c8c76f1ab2a4d', 'basic', '基本配置', '基本配置项，如maven的groupId、artifactId、version，包名', NULL, '2020-09-22 09:35:02.490', 'wangxiaolong', '2020-09-22 09:35:02.490', 'wangxiaolong', true, NULL);
INSERT INTO proj_code_template_param_grp (code_template_param_grp_id, code_template_id, param_group_name, param_group_name_cn, description, referred_group_id, created_time, created_by, updated_time, updated_by, is_required, check_type) VALUES('54f08d3e56ecd90f821f4f6aa6c4d6db', '7730feb2d676e86d4299c96a16615935', 'basic', '基本配置', '基本配置项，如maven的groupId、artifactId、version，包名', NULL, '2020-09-23 01:27:18.728', 'wangxiaolong', '2020-09-23 01:36:57.849', 'wangxiaolong', true, NULL);
INSERT INTO proj_code_template_param_grp (code_template_param_grp_id, code_template_id, param_group_name, param_group_name_cn, description, referred_group_id, created_time, created_by, updated_time, updated_by, is_required, check_type) VALUES('40fb3c332f6750922f6bf3275afc9fb3', '7730feb2d676e86d4299c96a16615935', 'datasource', '数据源', 'Spring数据源', NULL, '2020-09-23 01:31:34.672', 'wangxiaolong', '2020-09-23 01:37:06.907', 'wangxiaolong', true, NULL);
