-- liquibase formatted sql logicalFilePath:component-module-menu/gaf-authority.sql

-- changeset SYS:20210426-0
-- compnent
INSERT INTO "sys_component"("sys_component_id", "name", "name_cn", "code", "type", "status", "description", "created_time", "created_by", "updated_time", "updated_by", "sort_sn") VALUES ('component_0001_sys_auth', 'gaf-authority', '系统与权限控制', '0001', '4', 't', '系统与权限控制组件', '2020-10-30 13:40:37.13155', NULL, '2020-10-30 13:40:37.13155', NULL, NULL);
-- module
INSERT INTO "sys_catalog"("catalog_id", "parent_id", "sort_sn", "name", "type", "code", "sys_component_id", "icon_url", "description", "status", "created_time", "created_by", "updated_time", "updated_by", "tenant_id", "biz_type_code") VALUES ('67aeecdb-91b3-4228-b0ec-6d2da717c840', '0', 2, '系统与权限控制', '2', '0001', 'component_0001_sys_auth', NULL, '系统与权限控制默认根目录', 't', '2020-11-11 00:52:26.175217', NULL, '2020-11-11 00:52:26.175217', NULL, NULL, NULL);
INSERT INTO "sys_catalog"("catalog_id", "parent_id", "sort_sn", "name", "type", "code", "sys_component_id", "icon_url", "description", "status", "created_time", "created_by", "updated_time", "updated_by", "tenant_id", "biz_type_code") VALUES ('b57d98d6-a321-4eca-8725-fe4f5baa6382', '0', 6, '系统与权限控制', '1', '0011', 'component_0001_sys_auth', NULL, '系统与权限控制默认根目录', 't', '2020-11-10 15:02:44.108503', 'SYS', '2021-01-15 15:25:37.154318', 'SYS', 'tenant_000000', NULL);

INSERT INTO "sys_catalog"("catalog_id", "parent_id", "sort_sn", "name", "type", "code", "sys_component_id", "icon_url", "description", "status", "created_time", "created_by", "updated_time", "updated_by", "tenant_id", "biz_type_code") VALUES ('catalog_000002_authority', 'b57d98d6-a321-4eca-8725-fe4f5baa6382', 1, '权限控制', '1', '00100002', 'component_0001_sys_auth', NULL, '权限控制目录', 't', '2020-10-30 13:48:21.652305', NULL, '2020-10-30 13:48:21.652305', NULL, NULL, NULL);
INSERT INTO "sys_catalog"("catalog_id", "parent_id", "sort_sn", "name", "type", "code", "sys_component_id", "icon_url", "description", "status", "created_time", "created_by", "updated_time", "updated_by", "tenant_id", "biz_type_code") VALUES ('catalog_000001_sys_manage', 'b57d98d6-a321-4eca-8725-fe4f5baa6382', 2, '系统管理', '1', '00100001', 'component_0001_sys_auth', NULL, '系统管理目录', 't', '2020-10-30 13:47:42.993362', NULL, '2021-02-02 08:30:14.528311', NULL, NULL, NULL);

INSERT INTO "auth_resource_module"("resource_module_id", "sys_component_id", "module_catalog_id", "name", "type", "module_url", "icon_url", "status", "sort_sn", "description", "created_time", "created_by", "updated_time", "updated_by", "path", "target", "name_en") VALUES ('module_authority_000001', 'component_0001_sys_auth', 'catalog_000002_authority', '用户管理', '2', '/authority/view/index.html#/AuthUser', 'user', 't', 1, NULL, '2020-10-30 15:30:33', 'zhuhongming', NULL, NULL, '/authority/AuthUser', '0', NULL);
INSERT INTO "auth_resource_module"("resource_module_id", "sys_component_id", "module_catalog_id", "name", "type", "module_url", "icon_url", "status", "sort_sn", "description", "created_time", "created_by", "updated_time", "updated_by", "path", "target", "name_en") VALUES ('module_authority_000004', 'component_0001_sys_auth', 'catalog_000002_authority', '角色分配模块', '2', '/authority/view/index.html#/RoleModule', 'copyright', 't', 4, NULL, '2020-10-30 15:30:26', 'zhuhongming', NULL, NULL, '/authority/RoleModule', '0', NULL);
INSERT INTO "auth_resource_module"("resource_module_id", "sys_component_id", "module_catalog_id", "name", "type", "module_url", "icon_url", "status", "sort_sn", "description", "created_time", "created_by", "updated_time", "updated_by", "path", "target", "name_en") VALUES ('module_authority_000006', 'component_0001_sys_auth', 'catalog_000002_authority', '角色分配菜单', '2', '/authority/view/index.html#/RoleMenu', 'copyright', 't', 5, NULL, '2020-10-30 15:30:26', 'zhuhongming', NULL, NULL, '/authority/RoleMenu', '0', NULL);
INSERT INTO "auth_resource_module"("resource_module_id", "sys_component_id", "module_catalog_id", "name", "type", "module_url", "icon_url", "status", "sort_sn", "description", "created_time", "created_by", "updated_time", "updated_by", "path", "target", "name_en") VALUES ('module_authority_000003', 'component_0001_sys_auth', 'catalog_000002_authority', '角色管理', '2', '/authority/view/index.html#/AuthRole', 'copyright', 't', 3, NULL, '2020-10-30 15:30:12', 'zhuhongming', NULL, NULL, '/authority/AuthRole', '0', NULL);
INSERT INTO "auth_resource_module"("resource_module_id", "sys_component_id", "module_catalog_id", "name", "type", "module_url", "icon_url", "status", "sort_sn", "description", "created_time", "created_by", "updated_time", "updated_by", "path", "target", "name_en") VALUES ('module_sys_000006', 'component_0001_sys_auth', 'catalog_000001_sys_manage', '菜单管理', '2', '/authority/view/index.html#/Menu', 'copyright', 't', 6, NULL, '2020-10-30 15:10:17', 'zhuhongming', NULL, NULL, '/authority/Menu', '0', NULL);
INSERT INTO "auth_resource_module"("resource_module_id", "sys_component_id", "module_catalog_id", "name", "type", "module_url", "icon_url", "status", "sort_sn", "description", "created_time", "created_by", "updated_time", "updated_by", "path", "target", "name_en") VALUES ('module_authority_000005', 'component_0001_sys_auth', 'catalog_000002_authority', '角色分配API', '2', '/authority/view/index.html#/RoleApi', 'copyright', 't', 6, NULL, '2020-10-30 15:30:26', 'zhuhongming', NULL, NULL, '/authority/RoleApi', '0', NULL);
INSERT INTO "auth_resource_module"("resource_module_id", "sys_component_id", "module_catalog_id", "name", "type", "module_url", "icon_url", "status", "sort_sn", "description", "created_time", "created_by", "updated_time", "updated_by", "path", "target", "name_en") VALUES ('module_authority_000002', 'component_0001_sys_auth', 'catalog_000002_authority', '部门岗位管理', '2', '/authority/view/index.html#/DepartmentPostManage', 'team', 't', 2, NULL, '2020-10-30 07:30:21', 'zhuhongming', '2020-11-02 04:46:04.680545', NULL, '/authority/DepartmentPostManage', '0', NULL);
INSERT INTO "auth_resource_module"("resource_module_id", "sys_component_id", "module_catalog_id", "name", "type", "module_url", "icon_url", "status", "sort_sn", "description", "created_time", "created_by", "updated_time", "updated_by", "path", "target", "name_en") VALUES ('0a24a407-db7b-4ed9-98ab-b35df3ed0baf', 'component_0001_sys_auth', 'catalog_000002_authority', '第三方映射', '2', '/authority/view/index.html#/AuthP3MappingRule', NULL, 't', 7, NULL, '2020-12-15 09:51:17.563894', NULL, '2020-12-15 09:51:17.563894', NULL, '/authority/AuthP3MappingRule', '0', NULL);
INSERT INTO "auth_resource_module"("resource_module_id", "sys_component_id", "module_catalog_id", "name", "type", "module_url", "icon_url", "status", "sort_sn", "description", "created_time", "created_by", "updated_time", "updated_by", "path", "target", "name_en") VALUES ('module_sys_000003', 'component_0001_sys_auth', 'catalog_000001_sys_manage', '模块管理', '2', '/authority/view/index.html#/ComponentModule', 'copyright', 't', 3, NULL, '2020-10-30 15:10:17', 'zhuhongming', NULL, NULL, '/authority/ComponentModule', '0', NULL);
INSERT INTO "auth_resource_module"("resource_module_id", "sys_component_id", "module_catalog_id", "name", "type", "module_url", "icon_url", "status", "sort_sn", "description", "created_time", "created_by", "updated_time", "updated_by", "path", "target", "name_en") VALUES ('module_sys_000004', 'component_0001_sys_auth', 'catalog_000001_sys_manage', 'API管理', '2', '/authority/view/index.html#/ComponentApi', 'copyright', 't', 4, NULL, '2020-10-30 15:12:23', 'zhuhongming', NULL, NULL, '/authority/ComponentApi', '0', NULL);
INSERT INTO "auth_resource_module"("resource_module_id", "sys_component_id", "module_catalog_id", "name", "type", "module_url", "icon_url", "status", "sort_sn", "description", "created_time", "created_by", "updated_time", "updated_by", "path", "target", "name_en") VALUES ('module_sys_000005', 'component_0001_sys_auth', 'catalog_000001_sys_manage', '模块关联API', '2', '/authority/view/index.html#/ModuleApi', 'copyright', 't', 5, NULL, '2020-10-30 15:13:38', 'zhuhongming', NULL, NULL, '/authority/ModuleApi', '0', NULL);
INSERT INTO "auth_resource_module"("resource_module_id", "sys_component_id", "module_catalog_id", "name", "type", "module_url", "icon_url", "status", "sort_sn", "description", "created_time", "created_by", "updated_time", "updated_by", "path", "target", "name_en") VALUES ('module_sys_000001', 'component_0001_sys_auth', 'catalog_000001_sys_manage', '租户管理', '2', '/authority/view/index.html#/AuthTenant', 'tenants', 't', 1, NULL, '2020-10-30 15:29:49', 'zhuhongming', NULL, NULL, '/authority/AuthTenant', '0', NULL);
INSERT INTO "auth_resource_module"("resource_module_id", "sys_component_id", "module_catalog_id", "name", "type", "module_url", "icon_url", "status", "sort_sn", "description", "created_time", "created_by", "updated_time", "updated_by", "path", "target", "name_en") VALUES ('module_sys_000002', 'component_0001_sys_auth', 'catalog_000001_sys_manage', '组件管理', '2', '/authority/view/index.html#/SysComponent', 'copyright', 't', 2, NULL, '2020-10-30 15:30:00', 'zhuhongming', NULL, NULL, '/authority/SysComponent', '0', NULL);

-- menu
INSERT INTO "sys_catalog"("catalog_id", "parent_id", "sort_sn", "name", "type", "code", "sys_component_id", "icon_url", "description", "status", "created_time", "created_by", "updated_time", "updated_by", "tenant_id", "biz_type_code") VALUES ('ee16de93-f3a6-4248-9743-888b647e0e43', 'ca4faf63-2836-4e2e-baba-28ccacc5edd3', 2, '权限控制', '4', '00140001', NULL, NULL, NULL, 't', '2020-11-08 21:13:31.770001', 'SYS', '2021-03-24 01:47:56.917716', 'SYS', 'tenant_000000', NULL);
INSERT INTO "auth_resource_menu"("resource_menu_id", "menu_catalog_id", "name", "resource_module_id", "icon", "visible", "status", "sort_sn", "description", "created_time", "created_by", "updated_time", "updated_by", "params") VALUES ('b5ad2d4c-8557-45a4-86bb-e46c78f64647', 'ee16de93-f3a6-4248-9743-888b647e0e43', '第三方映射', '0a24a407-db7b-4ed9-98ab-b35df3ed0baf', NULL, 't', 't', 7, NULL, '2020-12-15 09:52:22.622202', 'SYS', '2020-12-15 09:53:34.29502', 'SYS', NULL);
INSERT INTO "auth_resource_menu"("resource_menu_id", "menu_catalog_id", "name", "resource_module_id", "icon", "visible", "status", "sort_sn", "description", "created_time", "created_by", "updated_time", "updated_by", "params") VALUES ('7490fc37-7b50-4fb4-aeb5-3a7c9afbafe7', 'ee16de93-f3a6-4248-9743-888b647e0e43', '部门岗位管理', 'module_authority_000002', NULL, 't', 't', 2, NULL, '2020-11-08 21:09:14.405', 'SYS', '2020-11-10 12:20:53.311851', 'SYS', NULL);
INSERT INTO "auth_resource_menu"("resource_menu_id", "menu_catalog_id", "name", "resource_module_id", "icon", "visible", "status", "sort_sn", "description", "created_time", "created_by", "updated_time", "updated_by", "params") VALUES ('9b9568d4-6313-4279-9a6d-34bd445ba220', 'ee16de93-f3a6-4248-9743-888b647e0e43', '用户管理', 'module_authority_000001', NULL, 't', 't', 3, NULL, '2020-11-08 21:09:30.087', 'SYS', '2020-11-10 12:21:42.41574', 'SYS', NULL);
INSERT INTO "auth_resource_menu"("resource_menu_id", "menu_catalog_id", "name", "resource_module_id", "icon", "visible", "status", "sort_sn", "description", "created_time", "created_by", "updated_time", "updated_by", "params") VALUES ('e014fb60-2f09-4d8a-8ec5-c1501b71f8f3', 'ee16de93-f3a6-4248-9743-888b647e0e43', '角色管理', 'module_authority_000003', '', 't', 't', 4, NULL, '2020-11-08 21:09:51.792', 'SYS', '2020-11-10 12:21:50.541177', 'SYS', NULL);
INSERT INTO "auth_resource_menu"("resource_menu_id", "menu_catalog_id", "name", "resource_module_id", "icon", "visible", "status", "sort_sn", "description", "created_time", "created_by", "updated_time", "updated_by", "params") VALUES ('88ec31de-7acc-44bc-9faa-4dc1aaf7b90f', 'ee16de93-f3a6-4248-9743-888b647e0e43', '租户管理', 'module_sys_000001', NULL, 't', 't', 1, NULL, '2020-11-08 21:07:04.314', 'SYS', '2020-12-03 13:49:51.003364', 'SYS', NULL);
INSERT INTO "auth_resource_menu"("resource_menu_id", "menu_catalog_id", "name", "resource_module_id", "icon", "visible", "status", "sort_sn", "description", "created_time", "created_by", "updated_time", "updated_by", "params") VALUES ('c53fd5ff-856f-4a73-a213-f8df90dc34d0', '251c9892-cf95-45ed-8f0a-c3ba9d6880eb', '菜单管理', 'module_sys_000006', NULL, 't', 't', 7, NULL, '2020-11-09 16:34:59.012', 'SYS', '2020-11-10 12:23:56.7886', 'SYS', NULL);
INSERT INTO "auth_resource_menu"("resource_menu_id", "menu_catalog_id", "name", "resource_module_id", "icon", "visible", "status", "sort_sn", "description", "created_time", "created_by", "updated_time", "updated_by", "params") VALUES ('04f31151-beb2-4f0b-bdc6-b0a9c4f52cba', '251c9892-cf95-45ed-8f0a-c3ba9d6880eb', '组件管理', 'module_sys_000002', NULL, 't', 't', 3, NULL, '2020-11-08 21:07:15.818', 'SYS', '2020-11-10 12:23:18.819624', 'SYS', NULL);
INSERT INTO "auth_resource_menu"("resource_menu_id", "menu_catalog_id", "name", "resource_module_id", "icon", "visible", "status", "sort_sn", "description", "created_time", "created_by", "updated_time", "updated_by", "params") VALUES ('c1abb331-29f2-412e-9ac4-a8d1a6cc29ea', '251c9892-cf95-45ed-8f0a-c3ba9d6880eb', '模块管理', 'module_sys_000003', NULL, 't', 't', 4, NULL, '2020-11-08 21:07:33.172', 'SYS', '2020-11-10 12:23:24.774038', 'SYS', NULL);
INSERT INTO "auth_resource_menu"("resource_menu_id", "menu_catalog_id", "name", "resource_module_id", "icon", "visible", "status", "sort_sn", "description", "created_time", "created_by", "updated_time", "updated_by", "params") VALUES ('2c1ed7ce-7cb2-4da6-b986-9239802f3e52', '251c9892-cf95-45ed-8f0a-c3ba9d6880eb', 'API管理', 'module_sys_000004', NULL, 't', 't', 5, NULL, '2020-11-08 21:07:51.05', 'SYS', '2020-11-10 12:23:39.510232', 'SYS', NULL);

-- role-menu
INSERT INTO "auth_role_menu"("role_menu_id", "role_id", "resource_module_id", "status", "sort_sn", "description", "created_time", "created_by", "updated_time", "updated_by", "resource_menu_id") VALUES ('8d0c1929-1f80-4c78-ab16-2491f62f2151', 'role_000000', NULL, 't', 1, NULL, '2020-11-09 17:36:18.215567', 'SYS', '2020-11-09 17:36:18.215567', 'SYS', 'c53fd5ff-856f-4a73-a213-f8df90dc34d0');
INSERT INTO "auth_role_menu"("role_menu_id", "role_id", "resource_module_id", "status", "sort_sn", "description", "created_time", "created_by", "updated_time", "updated_by", "resource_menu_id") VALUES ('46e9af66-b93e-445b-8379-679ac3e0f85c', 'role_000000', NULL, 't', 1, NULL, '2020-12-15 09:52:48.717509', 'SYS', '2020-12-15 09:52:48.717509', 'SYS', 'b5ad2d4c-8557-45a4-86bb-e46c78f64647');
INSERT INTO "auth_role_menu"("role_menu_id", "role_id", "resource_module_id", "status", "sort_sn", "description", "created_time", "created_by", "updated_time", "updated_by", "resource_menu_id") VALUES ('a165631d-39be-49a2-a769-435082dc4aee', 'role_000000', NULL, 't', 1, NULL, '2020-11-09 17:36:18.215567', 'SYS', '2020-11-09 17:36:18.215567', 'SYS', '7490fc37-7b50-4fb4-aeb5-3a7c9afbafe7');
INSERT INTO "auth_role_menu"("role_menu_id", "role_id", "resource_module_id", "status", "sort_sn", "description", "created_time", "created_by", "updated_time", "updated_by", "resource_menu_id") VALUES ('a1186bce-339b-4e79-b0a5-c8952df3c3e5', 'role_000000', NULL, 't', 1, NULL, '2020-11-09 17:36:18.215567', 'SYS', '2020-11-09 17:36:18.215567', 'SYS', '9b9568d4-6313-4279-9a6d-34bd445ba220');
INSERT INTO "auth_role_menu"("role_menu_id", "role_id", "resource_module_id", "status", "sort_sn", "description", "created_time", "created_by", "updated_time", "updated_by", "resource_menu_id") VALUES ('f27b5db1-dcd2-4306-aae4-ffe77f2aba80', 'role_000000', NULL, 't', 1, NULL, '2020-11-09 17:36:18.215567', 'SYS', '2020-11-09 17:36:18.215567', 'SYS', 'e014fb60-2f09-4d8a-8ec5-c1501b71f8f3');
INSERT INTO "auth_role_menu"("role_menu_id", "role_id", "resource_module_id", "status", "sort_sn", "description", "created_time", "created_by", "updated_time", "updated_by", "resource_menu_id") VALUES ('66735953-59c9-44b7-9142-b2989c4a711b', 'role_000000', NULL, 't', 1, NULL, '2020-11-09 17:36:18.215567', 'SYS', '2020-11-09 17:36:18.215567', 'SYS', '88ec31de-7acc-44bc-9faa-4dc1aaf7b90f');
INSERT INTO "auth_role_menu"("role_menu_id", "role_id", "resource_module_id", "status", "sort_sn", "description", "created_time", "created_by", "updated_time", "updated_by", "resource_menu_id") VALUES ('f2cd164c-1bd6-4652-b207-6f881edec2e6', 'role_000000', NULL, 't', 1, NULL, '2020-11-09 17:36:18.215567', 'SYS', '2020-11-09 17:36:18.215567', 'SYS', '04f31151-beb2-4f0b-bdc6-b0a9c4f52cba');
INSERT INTO "auth_role_menu"("role_menu_id", "role_id", "resource_module_id", "status", "sort_sn", "description", "created_time", "created_by", "updated_time", "updated_by", "resource_menu_id") VALUES ('aeb0b5bb-86f1-4b9e-9f6e-0e08ac00fec7', 'role_000000', NULL, 't', 1, NULL, '2020-11-09 17:36:18.215567', 'SYS', '2020-11-09 17:36:18.215567', 'SYS', 'c1abb331-29f2-412e-9ac4-a8d1a6cc29ea');
INSERT INTO "auth_role_menu"("role_menu_id", "role_id", "resource_module_id", "status", "sort_sn", "description", "created_time", "created_by", "updated_time", "updated_by", "resource_menu_id") VALUES ('0f61017a-2092-4a24-b31f-9d1b3e01a1f5', 'role_000000', NULL, 't', 1, NULL, '2020-11-09 17:36:18.215567', 'SYS', '2020-11-09 17:36:18.215567', 'SYS', '2c1ed7ce-7cb2-4da6-b986-9239802f3e52');
INSERT INTO "auth_role_menu"("role_menu_id", "role_id", "resource_module_id", "status", "sort_sn", "description", "created_time", "created_by", "updated_time", "updated_by", "resource_menu_id") VALUES ('d25707b7-ff52-4532-b234-6d5815227dab', 'role_000001', 'module_authority_000002', 't', 1, NULL, '2020-11-09 17:36:18.215567', NULL, '2020-11-09 17:36:18.215567', NULL, '7490fc37-7b50-4fb4-aeb5-3a7c9afbafe7');
INSERT INTO "auth_role_menu"("role_menu_id", "role_id", "resource_module_id", "status", "sort_sn", "description", "created_time", "created_by", "updated_time", "updated_by", "resource_menu_id") VALUES ('100212fa-6d7b-401c-95a6-6dcf266d0c3e', 'role_000001', 'module_authority_000001', 't', 1, NULL, '2020-11-09 17:36:18.215567', NULL, '2020-11-09 17:36:18.215567', NULL, '9b9568d4-6313-4279-9a6d-34bd445ba220');
INSERT INTO "auth_role_menu"("role_menu_id", "role_id", "resource_module_id", "status", "sort_sn", "description", "created_time", "created_by", "updated_time", "updated_by", "resource_menu_id") VALUES ('d7d5b866-9160-417a-9f3e-d242922e1d0f', 'role_000001', 'module_authority_000003', 't', 1, NULL, '2020-11-09 17:36:18.215567', NULL, '2020-11-09 17:36:18.215567', NULL, 'e014fb60-2f09-4d8a-8ec5-c1501b71f8f3');
