-- liquibase formatted sql logicalFilePath:component-module-menu/gaf-map.sql

-- changeset SYS:20210426-0
INSERT INTO "sys_component"("sys_component_id", "name", "name_cn", "code", "type", "status", "description", "created_time", "created_by", "updated_time", "updated_by", "sort_sn") VALUES ('4dff0a03-1d64-4073-a8d5-820838b85aaa', 'gaf-map', '地图应用', NULL, '2', 't', NULL, '2020-12-09 05:57:44.298718', NULL, '2020-12-09 05:57:44.298718', NULL, NULL);
INSERT INTO "sys_catalog"("catalog_id", "parent_id", "sort_sn", "name", "type", "code", "sys_component_id", "icon_url", "description", "status", "created_time", "created_by", "updated_time", "updated_by", "tenant_id", "biz_type_code") VALUES ('83926137-1c8a-45eb-95f9-b1d020a138e4', '0', 9, '地图应用', '2', NULL, '4dff0a03-1d64-4073-a8d5-820838b85aaa', NULL, '地图应用默认根目录', 't', '2020-12-09 05:57:44.298718', NULL, '2020-12-09 05:57:44.298718', NULL, NULL, NULL);
INSERT INTO "sys_catalog"("catalog_id", "parent_id", "sort_sn", "name", "type", "code", "sys_component_id", "icon_url", "description", "status", "created_time", "created_by", "updated_time", "updated_by", "tenant_id", "biz_type_code") VALUES ('0c1090d1-bbf1-45c9-8c48-c5b997a8668e', '0', 16, '地图应用', '1', NULL, '4dff0a03-1d64-4073-a8d5-820838b85aaa', NULL, '地图应用默认根目录', 't', '2020-12-09 05:57:44.298718', 'SYS', '2020-12-09 05:57:44.298718', 'SYS', 'tenant_000000', NULL);

INSERT INTO "auth_resource_module"("resource_module_id", "sys_component_id", "module_catalog_id", "name", "type", "module_url", "icon_url", "status", "sort_sn", "description", "created_time", "created_by", "updated_time", "updated_by", "path", "target", "name_en") VALUES ('c4ea6bc4-4f5a-41bb-8d58-464fc274fb05', '4dff0a03-1d64-4073-a8d5-820838b85aaa', '0c1090d1-bbf1-45c9-8c48-c5b997a8668e', '资源目录管理', '2', '/map/view/index.html#/WebgisResourceCatalog', NULL, 't', 6, NULL, '2020-12-09 06:12:31.071957', NULL, '2020-12-30 06:22:33.387817', NULL, '/map/WebgisResourceCatalog', '0', NULL);
INSERT INTO "auth_resource_module"("resource_module_id", "sys_component_id", "module_catalog_id", "name", "type", "module_url", "icon_url", "status", "sort_sn", "description", "created_time", "created_by", "updated_time", "updated_by", "path", "target", "name_en") VALUES ('548fab42-c023-41fc-8ca5-2f7335dfdd65', '4dff0a03-1d64-4073-a8d5-820838b85aaa', '0c1090d1-bbf1-45c9-8c48-c5b997a8668e', '服务管理', '2', '/map/view/index.html#/WebgisService', NULL, 't', 5, NULL, '2020-12-09 06:10:52.849951', NULL, '2020-12-09 06:10:52.849951', NULL, '/map/WebgisService', '0', NULL);
INSERT INTO "auth_resource_module"("resource_module_id", "sys_component_id", "module_catalog_id", "name", "type", "module_url", "icon_url", "status", "sort_sn", "description", "created_time", "created_by", "updated_time", "updated_by", "path", "target", "name_en") VALUES ('af16e9cd-5b7b-4f4c-abc5-762e163706d6', '4dff0a03-1d64-4073-a8d5-820838b85aaa', '0c1090d1-bbf1-45c9-8c48-c5b997a8668e', '按钮管理', '2', '/map/view/index.html#/WebgisButton', NULL, 't', 3, NULL, '2020-12-09 06:16:36.656023', NULL, '2020-12-15 07:17:23.652519', NULL, '/map/WebgisButton', '0', NULL);
INSERT INTO "auth_resource_module"("resource_module_id", "sys_component_id", "module_catalog_id", "name", "type", "module_url", "icon_url", "status", "sort_sn", "description", "created_time", "created_by", "updated_time", "updated_by", "path", "target", "name_en") VALUES ('Qj6n2u', '4dff0a03-1d64-4073-a8d5-820838b85aaa', '0c1090d1-bbf1-45c9-8c48-c5b997a8668e', 'WebGIS在线制图', '2', '/viewer/#/map/WebgisOnlineMapping', 'pie-chart', 't', 8, 'WebGIS', '2020-11-12 12:52:48.143883', 'SYS', '2021-02-25 03:21:10.23483', 'SYS', '/map/WebgisOnlineMapping', '1', NULL);
INSERT INTO "auth_resource_module"("resource_module_id", "sys_component_id", "module_catalog_id", "name", "type", "module_url", "icon_url", "status", "sort_sn", "description", "created_time", "created_by", "updated_time", "updated_by", "path", "target", "name_en") VALUES ('8a93dc8b-4f1f-4f20-b1a1-aaba81f6b317', '4dff0a03-1d64-4073-a8d5-820838b85aaa', '0c1090d1-bbf1-45c9-8c48-c5b997a8668e', '工具条管理', '2', '/map/view/index.html#/WebgisToolbar', 'tool', 't', 7, NULL, '2020-12-09 06:14:18.469993', NULL, '2021-04-15 11:53:28.24551', NULL, '/map/WebgisToolbar', '0', NULL);
INSERT INTO "auth_resource_module"("resource_module_id", "sys_component_id", "module_catalog_id", "name", "type", "module_url", "icon_url", "status", "sort_sn", "description", "created_time", "created_by", "updated_time", "updated_by", "path", "target", "name_en") VALUES ('d867afc0-38c0-46b4-b694-0d18016efb17', '4dff0a03-1d64-4073-a8d5-820838b85aaa', '0c1090d1-bbf1-45c9-8c48-c5b997a8668e', '我的地图应用', '2', '/mapapp/#/map/WebgisBasicApp', NULL, 't', 1, NULL, '2021-04-21 08:02:10.168114', NULL, '2021-04-23 07:09:33.103448', NULL, 'http://gaf.gaf-dev.chengdu/mapapp/#/map/WebgisBasicApp', '1', NULL);

INSERT INTO "sys_catalog"("catalog_id", "parent_id", "sort_sn", "name", "type", "code", "sys_component_id", "icon_url", "description", "status", "created_time", "created_by", "updated_time", "updated_by", "tenant_id", "biz_type_code") VALUES ('286f1497-6ffa-4a28-94da-be5ed08a472a', 'd91fbd49-504d-4b6a-b1d0-1321d3581f8c', 2, '地图应用', '4', '00140007', '', NULL, NULL, 't', '2020-12-09 06:18:25.446004', 'SYS', '2021-03-23 13:28:06.100813', 'SYS', 'tenant_000000', NULL);

INSERT INTO "auth_resource_menu"("resource_menu_id", "menu_catalog_id", "name", "resource_module_id", "icon", "visible", "status", "sort_sn", "description", "created_time", "created_by", "updated_time", "updated_by", "params") VALUES ('1d57331e-6c2f-4ab6-b58d-06c7b2397ccb', '286f1497-6ffa-4a28-94da-be5ed08a472a', '按钮管理', 'af16e9cd-5b7b-4f4c-abc5-762e163706d6', NULL, 't', 't', 3, NULL, '2020-12-09 06:20:48.254106', 'SYS', '2020-12-09 06:20:48.254106', 'SYS', NULL);
INSERT INTO "auth_resource_menu"("resource_menu_id", "menu_catalog_id", "name", "resource_module_id", "icon", "visible", "status", "sort_sn", "description", "created_time", "created_by", "updated_time", "updated_by", "params") VALUES ('Qj6n2u', '286f1497-6ffa-4a28-94da-be5ed08a472a', '地图应用控件', 'Qj6n2u', 'pie-chart', 't', 't', 7, 'WebGIS', '2020-11-12 13:08:52.003171', 'SYS', '2021-03-29 04:09:37.507179', 'SYS', NULL);
INSERT INTO "auth_resource_menu"("resource_menu_id", "menu_catalog_id", "name", "resource_module_id", "icon", "visible", "status", "sort_sn", "description", "created_time", "created_by", "updated_time", "updated_by", "params") VALUES ('de4b2872-41d2-40fb-ba01-abb986cc3d63', '286f1497-6ffa-4a28-94da-be5ed08a472a', '资源目录管理', 'c4ea6bc4-4f5a-41bb-8d58-464fc274fb05', NULL, 't', 't', 2, NULL, '2020-12-09 06:19:40.934747', 'SYS', '2020-12-14 02:44:15.810925', 'SYS', NULL);
INSERT INTO "auth_resource_menu"("resource_menu_id", "menu_catalog_id", "name", "resource_module_id", "icon", "visible", "status", "sort_sn", "description", "created_time", "created_by", "updated_time", "updated_by", "params") VALUES ('1204c5ce-bf2f-49d4-a09e-05e3b1610066', '286f1497-6ffa-4a28-94da-be5ed08a472a', '服务管理', '548fab42-c023-41fc-8ca5-2f7335dfdd65', NULL, 't', 't', 1, NULL, '2020-12-09 06:19:17.274031', 'SYS', '2020-12-09 06:19:17.274031', 'SYS', NULL);
INSERT INTO "auth_resource_menu"("resource_menu_id", "menu_catalog_id", "name", "resource_module_id", "icon", "visible", "status", "sort_sn", "description", "created_time", "created_by", "updated_time", "updated_by", "params") VALUES ('c47b2cac-6a33-43e3-a9e9-3c23d81c00bb', '286f1497-6ffa-4a28-94da-be5ed08a472a', '工具条管理', '8a93dc8b-4f1f-4f20-b1a1-aaba81f6b317', NULL, 't', 't', 4, NULL, '2020-12-09 06:20:18.776171', 'SYS', '2020-12-09 06:20:54.567524', 'SYS', NULL);
INSERT INTO "auth_resource_menu"("resource_menu_id", "menu_catalog_id", "name", "resource_module_id", "icon", "visible", "status", "sort_sn", "description", "created_time", "created_by", "updated_time", "updated_by", "params") VALUES ('6f06afc1-bb2c-44f1-b7fe-cec583d0da15', '286f1497-6ffa-4a28-94da-be5ed08a472a', '我的地图应用', 'd867afc0-38c0-46b4-b694-0d18016efb17', NULL, 't', 't', 8, NULL, '2021-04-21 08:03:35.149845', NULL, '2021-04-21 08:03:35.149845', NULL, NULL);

INSERT INTO "auth_role_menu"("role_menu_id", "role_id", "resource_module_id", "status", "sort_sn", "description", "created_time", "created_by", "updated_time", "updated_by", "resource_menu_id") VALUES ('89682bc7-8b04-4ef5-8ed6-be9ecfe3d917', 'role_000000', NULL, 't', 1, NULL, '2020-12-09 06:21:38.477386', 'SYS', '2020-12-09 06:21:38.477386', 'SYS', '1d57331e-6c2f-4ab6-b58d-06c7b2397ccb');
INSERT INTO "auth_role_menu"("role_menu_id", "role_id", "resource_module_id", "status", "sort_sn", "description", "created_time", "created_by", "updated_time", "updated_by", "resource_menu_id") VALUES ('9047bb58-9cda-472d-8249-ab4d8f31c8ca', 'role_000000', NULL, 't', 1, NULL, '2020-11-13 01:58:20.016223', 'SYS', '2020-11-13 01:58:20.016223', 'SYS', 'Qj6n2u');
INSERT INTO "auth_role_menu"("role_menu_id", "role_id", "resource_module_id", "status", "sort_sn", "description", "created_time", "created_by", "updated_time", "updated_by", "resource_menu_id") VALUES ('65a27cd5-54f3-4e74-8014-cf9c1db7825a', 'role_000000', NULL, 't', 1, NULL, '2020-12-09 06:21:38.477386', 'SYS', '2020-12-09 06:21:38.477386', 'SYS', 'de4b2872-41d2-40fb-ba01-abb986cc3d63');
INSERT INTO "auth_role_menu"("role_menu_id", "role_id", "resource_module_id", "status", "sort_sn", "description", "created_time", "created_by", "updated_time", "updated_by", "resource_menu_id") VALUES ('7ea66d99-6250-4177-998c-c28684eb6625', 'role_000000', NULL, 't', 1, NULL, '2020-12-09 06:21:38.477386', 'SYS', '2020-12-09 06:21:38.477386', 'SYS', '1204c5ce-bf2f-49d4-a09e-05e3b1610066');
INSERT INTO "auth_role_menu"("role_menu_id", "role_id", "resource_module_id", "status", "sort_sn", "description", "created_time", "created_by", "updated_time", "updated_by", "resource_menu_id") VALUES ('e760cab8-ae50-406d-8490-f7120a58a61d', 'role_000000', NULL, 't', 1, NULL, '2020-12-09 06:21:38.477386', 'SYS', '2020-12-09 06:21:38.477386', 'SYS', 'c47b2cac-6a33-43e3-a9e9-3c23d81c00bb');
INSERT INTO "auth_role_menu"("role_menu_id", "role_id", "resource_module_id", "status", "sort_sn", "description", "created_time", "created_by", "updated_time", "updated_by", "resource_menu_id") VALUES ('9984c831-a460-4c6b-bbca-1c5de9ce4502', 'role_000000', 'd867afc0-38c0-46b4-b694-0d18016efb17', 't', 1, NULL, '2021-04-21 08:05:00.881748', NULL, '2021-04-21 08:05:00.881748', NULL, '6f06afc1-bb2c-44f1-b7fe-cec583d0da15');
INSERT INTO "auth_role_menu"("role_menu_id", "role_id", "resource_module_id", "status", "sort_sn", "description", "created_time", "created_by", "updated_time", "updated_by", "resource_menu_id") VALUES ('4f897b1c-372a-449d-ab52-c97204d542e2', 'role_000001', 'af16e9cd-5b7b-4f4c-abc5-762e163706d6', 't', 1, NULL, '2020-12-29 03:04:34.837794', NULL, '2020-12-29 03:04:34.837794', NULL, '1d57331e-6c2f-4ab6-b58d-06c7b2397ccb');
INSERT INTO "auth_role_menu"("role_menu_id", "role_id", "resource_module_id", "status", "sort_sn", "description", "created_time", "created_by", "updated_time", "updated_by", "resource_menu_id") VALUES ('0b08a36b-e734-4127-92cc-43a71d313854', 'role_000001', 'Qj6n2u', 't', 1, NULL, '2020-12-29 03:04:34.837794', NULL, '2020-12-29 03:04:34.837794', NULL, 'Qj6n2u');
INSERT INTO "auth_role_menu"("role_menu_id", "role_id", "resource_module_id", "status", "sort_sn", "description", "created_time", "created_by", "updated_time", "updated_by", "resource_menu_id") VALUES ('7833ebc1-f671-4248-a5c3-9305bb77c745', 'role_000001', 'c4ea6bc4-4f5a-41bb-8d58-464fc274fb05', 't', 1, NULL, '2020-12-29 03:04:34.837794', NULL, '2020-12-29 03:04:34.837794', NULL, 'de4b2872-41d2-40fb-ba01-abb986cc3d63');
INSERT INTO "auth_role_menu"("role_menu_id", "role_id", "resource_module_id", "status", "sort_sn", "description", "created_time", "created_by", "updated_time", "updated_by", "resource_menu_id") VALUES ('5c85cfd1-bbd1-4557-a6b2-bea1f79981ab', 'role_000001', '548fab42-c023-41fc-8ca5-2f7335dfdd65', 't', 1, NULL, '2020-12-29 03:04:34.837794', NULL, '2020-12-29 03:04:34.837794', NULL, '1204c5ce-bf2f-49d4-a09e-05e3b1610066');
INSERT INTO "auth_role_menu"("role_menu_id", "role_id", "resource_module_id", "status", "sort_sn", "description", "created_time", "created_by", "updated_time", "updated_by", "resource_menu_id") VALUES ('5fa500a0-af7b-4772-bd98-04d2075e1e06', 'role_000001', '8a93dc8b-4f1f-4f20-b1a1-aaba81f6b317', 't', 1, NULL, '2020-12-29 03:04:34.837794', NULL, '2020-12-29 03:04:34.837794', NULL, 'c47b2cac-6a33-43e3-a9e9-3c23d81c00bb');
INSERT INTO "auth_role_menu"("role_menu_id", "role_id", "resource_module_id", "status", "sort_sn", "description", "created_time", "created_by", "updated_time", "updated_by", "resource_menu_id") VALUES ('d898b313-381a-4d30-bcb8-1dc9af9614ab', 'role_000001', 'd867afc0-38c0-46b4-b694-0d18016efb17', 't', 1, NULL, '2021-05-12 07:00:15.785963', NULL, '2021-05-12 07:00:15.785963', NULL, '6f06afc1-bb2c-44f1-b7fe-cec583d0da15');

-- changeset SYS:20210817-3
INSERT INTO "auth_role_menu" ("role_menu_id", "role_id", "resource_module_id", "status", "sort_sn", "description", "created_time", "created_by", "updated_time", "updated_by", "resource_menu_id") VALUES ('649fbf0b-a6e3-4d39-9fcf-c316a41e4476', '8343b450-baac-4d34-902a-49e60284560d', 'af16e9cd-5b7b-4f4c-abc5-762e163706d6', 't', 1, NULL, '2021-08-17 00:58:37.359445', NULL, '2021-08-17 00:58:37.359445', NULL, '1d57331e-6c2f-4ab6-b58d-06c7b2397ccb');
INSERT INTO "auth_role_menu" ("role_menu_id", "role_id", "resource_module_id", "status", "sort_sn", "description", "created_time", "created_by", "updated_time", "updated_by", "resource_menu_id") VALUES ('f3feeb1b-a202-4c1f-99d6-088abf5d29bf', '8343b450-baac-4d34-902a-49e60284560d', '548fab42-c023-41fc-8ca5-2f7335dfdd65', 't', 1, NULL, '2021-08-17 00:58:37.359445', NULL, '2021-08-17 00:58:37.359445', NULL, '1204c5ce-bf2f-49d4-a09e-05e3b1610066');
INSERT INTO "auth_role_menu" ("role_menu_id", "role_id", "resource_module_id", "status", "sort_sn", "description", "created_time", "created_by", "updated_time", "updated_by", "resource_menu_id") VALUES ('7433a116-035c-4130-b0a6-706a2075e4c3', '8343b450-baac-4d34-902a-49e60284560d', 'Qj6n2u', 't', 1, NULL, '2021-08-17 00:58:37.359445', NULL, '2021-08-17 00:58:37.359445', NULL, 'Qj6n2u');
INSERT INTO "auth_role_menu" ("role_menu_id", "role_id", "resource_module_id", "status", "sort_sn", "description", "created_time", "created_by", "updated_time", "updated_by", "resource_menu_id") VALUES ('063fbd4b-948f-4faf-a1d3-fc3c2ef055bd', '8343b450-baac-4d34-902a-49e60284560d', 'c4ea6bc4-4f5a-41bb-8d58-464fc274fb05', 't', 1, NULL, '2021-08-17 00:58:37.359445', NULL, '2021-08-17 00:58:37.359445', NULL, 'de4b2872-41d2-40fb-ba01-abb986cc3d63');
INSERT INTO "auth_role_menu" ("role_menu_id", "role_id", "resource_module_id", "status", "sort_sn", "description", "created_time", "created_by", "updated_time", "updated_by", "resource_menu_id") VALUES ('34afecc1-2c40-4584-98c9-997041d88d25', '8343b450-baac-4d34-902a-49e60284560d', 'd867afc0-38c0-46b4-b694-0d18016efb17', 't', 1, NULL, '2021-08-17 00:58:37.359445', NULL, '2021-08-17 00:58:37.359445', NULL, '6f06afc1-bb2c-44f1-b7fe-cec583d0da15');
INSERT INTO "auth_role_menu" ("role_menu_id", "role_id", "resource_module_id", "status", "sort_sn", "description", "created_time", "created_by", "updated_time", "updated_by", "resource_menu_id") VALUES ('a2961082-db74-45fb-b014-79e31d846d94', '8343b450-baac-4d34-902a-49e60284560d', '8a93dc8b-4f1f-4f20-b1a1-aaba81f6b317', 't', 1, NULL, '2021-08-17 00:58:37.359445', NULL, '2021-08-17 00:58:37.359445', NULL, 'c47b2cac-6a33-43e3-a9e9-3c23d81c00bb');